Product Name,Price,Rating,Reviews,Product URL,Image URL,Brand
"MSI Modern 14"" Ryzen 7 7730U Laptop 16GB Memory 512 GB NVMe SSD Windows 11 Home 64-bit Modern 14 C7M-421US (TAA)",$499.99,Rating + 4.4,226,https://www.newegg.com/msi-14-0-fhd-non-touch-screen-amd-ryzen-7-7730u-amd-radeon-graphics-16gb-memory-512-gb-nvme-ssd-classic-black/p/N82E16834156799,https://c1.neweggimages.com/productimage/nb300/34-156-799-23.jpg,MSI
"ASUS Vivobook S 15.6"" 3K OLED Copilot+ PC AMD Ryzen AI 9 HX 370 32GB Memory 1TB SSD AMD Radeon 890M Windows 11 Home","$1,049.99",Rating + 4.5,19,https://www.newegg.com/asus-vivobook-s-15-15-6-non-touch-screen-amd-ryzen-ai-9-hx-370-amd-radeon-890m-32gb-memory-1-tb-pcie-ssd-neutral-black/p/N82E16834236614,https://c1.neweggimages.com/productimage/nb300/34-236-614-23.jpg,ASUS
"ASUS VivoBook 15.6"" TouchScreen Intel Core i5-1334U 16GB Memory 512 GB SSD Windows 11 Home",$599.99,,,https://www.newegg.com/asus-vivobook-15-6-touch-screen-intel-core-i5-1334u-intel-iris-xe-graphics-16gb-memory-512-gb-ssd-quiet-blue/p/N82E16834236645,https://c1.neweggimages.com/productimage/nb300/34-236-645-11.png,ASUS
"ASUS VivoBook 17.3"" Intel Core i7-1355U 16GB Memory 1 TB PCIe SSD Intel Iris Xe Graphics Windows 11 Home",$749.99,,,https://www.newegg.com/asus-vivobook-17-3-non-touch-screen-intel-core-i7-1355u-intel-iris-xe-graphics-16gb-memory-1-tb-pcie-ssd-cool-silver/p/N82E16834236615,https://c1.neweggimages.com/productimage/nb300/34-236-615-26.jpg,ASUS
"HP 14"" HD Laptop AMD Ryzen 7 7730U 16GB Memory 1 TB NVMe SSD AMD Radeon Graphics Windows 11 Home 14-em0085cl",$539.99,,,https://www.newegg.com/hp-14-0-non-touch-screen-amd-ryzen-7-7730u-amd-radeon-graphics-16gb-memory-1-tb-nvme-ssd-silver/p/N82E16834818231,https://c1.neweggimages.com/productimage/nb300/34-818-231-04.png,HP
"Lenovo IdeaPad Slim 3 15.3"" AMD Ryzen 7 8840HS Laptop 16GB Memory 512 GB SSD AMD Radeon 780M Windows 11 Home 83KA003DUS",$649.99,Rating + 4,1,https://www.newegg.com/lenovo-ideapad-15-3-wuxga-non-touch-screen-amd-ryzen-7-8840hs-amd-radeon-780m-16gb-memory-512-gb-ssd-cosmic-blue/p/N82E16834840640,https://c1.neweggimages.com/productimage/nb300/34-840-640-11.jpg,Lenovo
"Acer Aspire Go 15 15.6"" AMD Ryzen 7 5825U Laptop 32GB DDR4 Memory 1TB PCIe Gen4 SSD, Windows 11 Home AG15-42P-R1R7",$649.99,,,https://www.newegg.com/acer-america-aspire-go-15-15-6-fhd-non-touch-screen-amd-ryzen-7-5825u-amd-radeon-graphics-32gb-memory-1-tb-pcie-ssd-pure-silver/p/N82E16834360385,https://c1.neweggimages.com/productimage/nb300/34-360-385-27.png,Acer America
"MSI Prestige 16"" Copilot+ PC Intel Ultra 9 288V Laptop 32GB Memory 2 TB NVMe SSD Windows 11 Home Prestige 16 AI+ Evo B2VMG-071US (TAA)","$1,499.99",,,https://www.newegg.com/msi-16-uhd-non-touch-screen-intel-core-ultra-9-288v-intel-arc-graphics-140v-32gb-memory-2-tb-nvme-ssd-stellar-gray/p/N82E16834156791,https://c1.neweggimages.com/productimage/nb300/34-156-791-27.jpg,MSI
"MSI Prestige 16 AI Evo 16.0"" Laptop Ultra 7 155H 32GB RAM 1 TB PCIe SSD Windows 11 Home B1MG-002US",$999.99,Rating + 4.3,3,https://www.newegg.com/msi-prestige-16-ai-evo-16-qhd-non-touch-screen-intel-core-ultra-7-155h-intel-arc-graphics-32gb-memory-1-tb-nvme-ssd-stellar-gray/p/N82E16834156576,https://c1.neweggimages.com/productimage/nb300/34-156-576-47.jpg,MSI
"Lenovo IdeaPad Slim 3 15.3"" AMD Ryzen 7 8840HS Laptop 24GB Memory 512 GB SSD AMD Radeon 780M Windows 11 Home 83KA003DUS",$699.99,,,https://www.newegg.com/lenovo-ideapad-15-3-wuxga-non-touch-screen-amd-ryzen-7-8840hs-amd-radeon-780m-24gb-memory-512-gb-ssd-cosmic-blue/p/N82E16834840654,https://c1.neweggimages.com/productimage/nb300/34-840-640-11.jpg,Lenovo
"MSI Prestige 16 16.0"" AI+ Evo Copilot+ PC Laptop Intel Core Ultra 9 288V 32GB Memory 1 TB NVMe SSD Intel Arc Graphics 140V Windows 11 Home B2VMG-073US - TAA Compliant","$1,249.99",Rating + 5,1,https://www.newegg.com/msi-16-0-qhd-non-touch-screen-intel-core-ultra-9-288v-intel-arc-graphics-140v-32gb-memory-1-tb-nvme-ssd-stellar-gray/p/N82E16834156792,https://c1.neweggimages.com/productimage/nb300/34-156-791-27.jpg,MSI
"Asus VivoBook 16"" Copilot+ PC Laptop AMD Ryzen AI 7 350 16GB DDR5 Memory 512GB PCIE SSD 16.0"" Windows 11 Home",$849.99,,,https://www.newegg.com/asus-vivobook-16-0-amd-ryzen-ai-7-350-ddr5-16gb-16gb-ddr5-on-board-memory-512gb-pcie-g4-ssd-ssd/p/N82E16834236650,https://c1.neweggimages.com/productimage/nb300/34-236-650-02.jpg,ASUS
"HP ZBook Firefly G11 A 14.0"" Mobile Workstation AMD Ryzen 7 Pro 8840HS 16GB Memory 512 GB SSD AMD Radeon 780M Windows 11 Pro A6UH4UT#ABA",$899.99,,,https://www.newegg.com/hp-zbook-14-0-amd-ryzen-7-8840hs-amd-radeon-780m-16gb-memory-512-gb-ssd-silver/p/N82E16834818230,https://c1.neweggimages.com/productimage/nb300/34-818-230-07.jpg,HP
"MSI Prestige 16 AI Evo 16.0"" Laptop Ultra 7 155H 32GB RAM 2 TB PCIe SSD Windows 11 Pro B1MG-020US","$1,469.00",Rating + 5,2,https://www.newegg.com/msi-prestige-16-ai-evo-16-uhd-non-touch-screen-intel-core-ultra-7-155h-intel-arc-graphics-32gb-memory-2-tb-nvme-ssd-stellar-gray/p/N82E16834156580,https://c1.neweggimages.com/productimage/nb300/34-156-580-38.jpg,MSI
"ASUS Laptop VivoBook Intel Core i5-1334U 40GB Memory 512 GB SSD Intel Iris Xe Graphics 15.6"" Touch Screen Windows 11 Home F1504VA-BS51T",$699.99,,,https://www.newegg.com/asus-vivobook-15-6-touch-screen-intel-core-i5-1334u-intel-iris-xe-graphics-40gb-memory-512-gb-ssd-quiet-blue/p/N82E16834236672,https://c1.neweggimages.com/productimage/nb300/34-236-645-11.png,ASUS
"Lenovo V15 G4 15.6"" FHD Laptop, Intel Core i5-13420H, 16GB RAM, 512GB SSD, Windows 11 Home, Black - 83A100PSUS",$499.99,,,https://www.newegg.com/lenovo-15-6-non-touch-screen-intel-core-i5-13420h-intel-uhd-graphics-16gb-memory-512-gb-nvme-ssd-business-black/p/N82E16834840670,https://c1.neweggimages.com/productimage/nb300/34-840-670-01.jpg,Lenovo
"MSI Laptop Intel Core Ultra 7 258V 32GB Memory 1 TB NVMe SSD Intel Arc Graphics 140V 14.0"" Non-Touch Screen Windows 11 Home Prestige 14 AI+ Evo C2VMG-032US","$1,299.99",,,https://www.newegg.com/msi-14-0-fhd-non-touch-screen-intel-core-ultra-7-258v-intel-arc-graphics-140v-32gb-memory-1-tb-nvme-ssd-stellar-gray/p/N82E16834156795,https://c1.neweggimages.com/productimage/nb300/34-156-794-27.jpg,MSI
"Lenovo Laptop Intel Core i3-1315U 16GB Memory 512 GB NVMe SSD Intel UHD Graphics 15.6"" Non-Touch Screen Windows 11 Home V15 Gen 4 i",$549.99,,,https://www.newegg.com/lenovo-15-6-non-touch-screen-intel-core-i3-1315u-intel-uhd-graphics-16gb-memory-512-gb-nvme-ssd-black/p/N82E16834840669,https://c1.neweggimages.com/productimage/nb300/34-840-669-01.jpg,Lenovo
"MSI Prestige 16 AI Evo 16.0"" Laptop Ultra 9 185H 16GB RAM 1 TB NVMe SSD Windows 11 Home B1MG-013US","$1,449.99",,,https://www.newegg.com/msi-prestige-16-ai-evo-16-0-qhd-non-touch-screen-intel-core-ultra-9-185h-intel-arc-graphics-16gb-memory-1-tb-nvme-ssd-stellar-gray/p/N82E16834156772,https://c1.neweggimages.com/productimage/nb300/34-156-706-02.jpg,MSI
"HP Laptop AMD Ryzen 7 7730U 32GB Memory 1 TB NVMe SSD AMD Radeon Graphics 14"" Non-Touch Screen Windows 11 Home 14-em0085cl",$899.99,,,https://www.newegg.com/hp-14-non-touch-screen-amd-ryzen-7-7730u-amd-radeon-graphics-32gb-memory-1-tb-nvme-ssd-silver/p/N82E16834818277,https://c1.neweggimages.com/productimage/nb300/34-818-231-04.png,HP
"MSI Prestige A16 AI+ 16"" Copilot+ PC Laptop AMD Ryzen AI 9 365 - 32 GB - 1 TB SSD Windows 11 Pro","$1,099.99",Rating + 4.5,4,https://www.newegg.com/msi-16-non-touch-screen-amd-ryzen-ai-9-365-amd-radeon-880m-32gb-memory-1-tb-nvme-ssd-urban-silver/p/1TS-0016-05CT4,https://c1.neweggimages.com/productimage/nb300/1TS-0016-05CT4-01.jpg,MSI
"Acer Aspire 14"" WUXGA Touchscreen AI Copilot+ PC Ultra 5-226V 16GB 512GB SSD Steel Gray",$799.99,,,https://www.newegg.com/acer-america-ai-14-0-touch-screen-gray/p/2S3-0008-006N9,https://c1.neweggimages.com/productimage/nb300/A24GD2503110CEWG7D1.jpg,Acer America
"ASUS - Vivobook 14 14"" FHD Laptop - Intel Core i3 - 8GB Memory - 128GB SSD - Quiet Blue",$249.99,,,https://www.newegg.com/asus-14-0/p/1TS-001A-0BEC5,https://c1.neweggimages.com/productimage/nb300/BWXMS25080800AO3675.jpg,ASUS
"ASUS - Vivobook 14 14"" FHD Laptop - Intel Core i5 - 12GB Memory - 256GB SSD - Quiet Blue",$369.99,,,https://www.newegg.com/asus-14-0/p/1TS-001A-0BEC9,https://c1.neweggimages.com/productimage/nb300/BWXMS25081112VSWUB5.jpg,ASUS
"HP - 14"" LAPTOP - INTEL PROCESSOR N150 - 4GB - 128GB UFS - SKY BLUE",$189.99,,,https://www.newegg.com/hp-14-0-non-touch-screen-intel-processor-n150-intel-graphics-4gb-memory-128-gb-ssd-sky-blue/p/1TS-000D-1RBC5,https://c1.neweggimages.com/productimage/nb300/BWXMS2508111A8CQQD7.jpg,HP
"MSI - 16"" GeForce RTX 5070 Ti Laptop GPU - Intel Core Ultra 9 275HX - 32GB Memory - 2 TB SSD -Wi-Fi 7 Windows 11 Pro Gaming Laptop - 240 Hz (Vector 16 HX AI A2XWHG-060US )","$2,299.99",Rating + 4,2,https://www.newegg.com/msi-16-geforce-rtx-5070-ti-laptop-gpu-intel-core-ultra-9-275hx-32gb-memory-2-tb-ssd/p/N82E16834156739,https://c1.neweggimages.com/productimage/nb300/34-156-736-02.jpg,MSI
"MSI Vector - LCD 16"" QHD+ GeForce RTX 5080 Laptop GPU - Intel Core Ultra 9 275HX - 16GB Memory - 1 TB SSD - Windows 11 Home Gaming Laptop - 240 Hz (Vector 16 HX AI A2XWIG-050US )","$2,199.99",Rating + 5,2,https://www.newegg.com/msi-16-geforce-rtx-5080-laptop-gpu-intel-core-ultra-9-275hx-16gb-memory-1-tb-ssd/p/N82E16834156737,https://c1.neweggimages.com/productimage/nb300/34-156-736-02.jpg,MSI
GIGABYTE - AORUS MASTER 16 Gaming Laptop - 240Hz 2560x1600 OLED - NVIDIA GeForce RTX 5090 - Intel Core Ultra 9 275HX - 2TB SSD with 32GB DDR5 RAM - Windows 11 Home AD (AORUS MASTER 16 BZHC6USE65SH),"$3,899.99",Rating + 4,3,https://www.newegg.com/aorus-16-geforce-rtx-5090-laptop-gpu-intel-core-ultra-9-275hx-wqxga-32gb-memory-2-tb-ssd/p/N82E16834233610,https://c1.neweggimages.com/productimage/nb300/34-233-610-32.jpg,
"MSI - 18"" GeForce RTX 5080 Laptop GPU - Intel Core Ultra 9 285HX - 64GB DDR5 6400MHz Memory - 4 TB SSD - Wi-Fi 7 Windows 11 Home Gaming Laptop - 120 Hz Mini LED (Raider 18 HX AI A2XWIG-014US )","$3,449.99",,,https://www.newegg.com/msi-18-geforce-rtx-5080-laptop-gpu-intel-core-ultra-9-285hx-64gb-ddr5-6400mhz-memory-4-tb-ssd/p/N82E16834156731,https://c1.neweggimages.com/productimage/nb300/34-156-730-03.jpg,MSI
"Aorus - 16"" GeForce RTX 4060 Laptop GPU - Intel Core i7-13700HX - 16GB Memory - 1 TB PCIe SSD - Windows 11 Home 64-bit Gaming Laptop - 240 Hz (16 BKF-73US654SH )","$1,149.99",Rating + 3.7,3,https://www.newegg.com/aorus-16-geforce-rtx-4060-laptop-gpu-intel-core-i7-13700hx-qhd-16gb-memory-1-tb-pcie-ssd/p/N82E16834725223,https://c1.neweggimages.com/productimage/nb300/34-725-223-01.jpg,
"MSI Stealth - 18"" GeForce RTX 4080 Laptop GPU - Intel Core Ultra 9 185H - 32GB Memory - 1 TB NVMe SSD - Wi-Fi 7 Windows 11 Home Gaming Laptop - 120 Hz Mini LED (Stealth 18 AI Studio A1VHG )","$1,999.99",Rating + 2.7,3,https://www.newegg.com/msi-18-geforce-rtx-4080-laptop-gpu-intel-core-ultra-9-185h-32gb-memory-1-tb-nvme-ssd/p/N82E16834156767,https://c1.neweggimages.com/productimage/nb300/34-156-767-02.jpg,MSI
"MSI Stealth - 18"" GeForce RTX 5070 Ti Laptop GPU - Intel Core Ultra 9 275HX - 64GB Memory - 2 TB SSD - Windows 11 Pro Gaming Laptop - 240 Hz (Stealth 18 HX AI A2XWHG-029US )","$2,849.99",Rating + 5,1,https://www.newegg.com/msi-18-geforce-rtx-5070-ti-laptop-gpu-intel-core-ultra-9-275hx-64gb-memory-2-tb-ssd/p/N82E16834156743,https://c1.neweggimages.com/productimage/nb300/34-156-741-23.jpg,MSI
"ASUS ROG Strix G16 - 16"" GeForce RTX 5070 Laptop GPU - AMD Ryzen 9 9955HX - 32GB Memory - 1 TB PCIe SSD - Windows 11 Home Gaming Laptop - 240 Hz (G614FP-DS96 )","$2,199.99",,,https://www.newegg.com/asus-rog-strix-g16-16-geforce-rtx-5070-laptop-gpu-amd-ryzen-9-9955hx-32gb-memory-1-tb-pcie-ssd/p/N82E16834236630,https://c1.neweggimages.com/productimage/nb300/34-236-630-14.jpg,ASUS
"MSI Raider - 18"" GeForce RTX 5090 Laptop GPU - AMD Ryzen 9 9955HX3D - 64GB DDR5 5600MHz Memory - 2 TB SSD - Wi-Fi 7 Windows 11 Pro Gaming Laptop - 120 Hz Mini LED (Raider A18 HX A9WJG-052US )","$5,099.99",,,https://www.newegg.com/msi-18-geforce-rtx-5090-laptop-gpu-amd-ryzen-9-9955hx3d-64gb-ddr5-5600mhz-memory-2-tb-ssd/p/N82E16834156732,https://c1.neweggimages.com/productimage/nb300/34-156-732-22.jpg,MSI
"MSI Raider - 18"" GeForce RTX 5080 Laptop GPU - AMD Ryzen 9 9955HX3D - 32GB DDR5 5600MHz Memory - 2 TB SSD - Wi-Fi 7 Windows 11 Pro Gaming Laptop - 120 Hz Mini LED (Raider A18 HX A9WIG-082US )","$3,599.99",,,https://www.newegg.com/msi-18-geforce-rtx-5080-laptop-gpu-amd-ryzen-9-9955hx3d-64gb-ddr5-5600mhz-memory-2-tb-ssd/p/N82E16834156733,https://c1.neweggimages.com/productimage/nb300/34-156-732-22.jpg,MSI
"ASUS ROG Strix G16 - 16"" GeForce RTX 5070 Laptop GPU - Intel Core Ultra 9 275HX - 32GB Memory - 1TB PCIe 4.0 NVMe M.2 SSD - Wi-Fi 7 Windows 11 Pro Gaming Laptop - 240 Hz (G615LP-XS97 )","$2,368.99",,,https://www.newegg.com/asus-rog-strix-g16-16-geforce-rtx-5070-laptop-gpu-intel-core-ultra-9-275hx-wqxga-32gb-memory-1tb-pcie-4-0-nvme-m-2-ssd/p/N82E16834236594,https://c1.neweggimages.com/productimage/nb300/34-236-592-30.jpg,ASUS
"MSI Stealth - 18"" GeForce RTX 5090 Laptop GPU - Intel Core Ultra 9 275HX - 64GB Memory - 2 TB SSD - Wi-Fi 7 Windows 11 Pro Gaming Laptop - 120 Hz (Stealth 18 HX AI A2XWJG-035US )","$4,499.99",,,https://www.newegg.com/msi-18-geforce-rtx-5090-laptop-gpu-intel-core-ultra-9-275hx-64gb-memory-2-tb-ssd/p/N82E16834156741,https://c1.neweggimages.com/productimage/nb300/34-156-741-23.jpg,MSI
"MSI Vector - 18"" GeForce RTX 5080 Laptop GPU - AMD Ryzen 9 9955HX - 64GB Memory - 2 TB SSD - Wi-Fi 7 Windows 11 Pro Gaming Laptop - 240 Hz IPS (Vector A18 HX A9WIG-076US )","$3,299.00",Rating + 2.5,2,https://www.newegg.com/msi-18-geforce-rtx-5080-laptop-gpu-amd-ryzen-9-9955hx-64gb-memory-2-tb-ssd/p/N82E16834156734,https://c1.neweggimages.com/productimage/nb300/34-156-734-02.jpg,MSI
"MSI Vector - 16"" GeForce RTX 5070 Ti Laptop GPU - Intel Core Ultra 7 255HX - 16GB Memory - 512 GB SSD - Windows 11 Home Gaming Laptop - 144 Hz (Vector 16 HX AI A2XWHG-061US )","$1,749.00",Rating + 5,2,https://www.newegg.com/msi-16-geforce-rtx-5070-ti-laptop-gpu-intel-core-ultra-7-255hx-16gb-memory-512-gb-ssd/p/N82E16834156740,https://c1.neweggimages.com/productimage/nb300/34-156-736-02.jpg,MSI
"MSI Stealth A18 AI+ - 18"" GeForce RTX 5090 Laptop GPU - AMD Ryzen AI 9 HX 370 - 64GB Memory - 2 TB SSD - Wi-Fi 7 Windows 11 Home Gaming Laptop - 120 Hz Mini LED (Stealth A18 AI+ A3XWJG-006US )","$4,599.99",,,https://www.newegg.com/msi-stealth-a18-ai-18-geforce-rtx-5090-laptop-gpu-amd-ryzen-ai-9-hx-370-uhd-64gb-memory-2-tb-ssd/p/N82E16834156773,https://c1.neweggimages.com/productimage/nb300/34-156-773-24.jpg,MSI
"ASUS ROG Strix Scar- 16"" GeForce RTX 5090 Laptop GPU - Intel Core Ultra 9 275HX - 32GB Memory - 2 TB PCIe SSD - Wi-Fi 7 Windows 11 Pro GAMING LAPTOP - 240 Hz (G635LX-XS97 )","$4,155.99",,,https://www.newegg.com/asus-rog-strix-16-geforce-rtx-5090-laptop-gpu-intel-core-ultra-9-275hx-wqxga-32gb-memory-2-tb-pcie-ssd/p/N82E16834236575,https://c1.neweggimages.com/productimage/nb300/34-236-575-13.jpg,ASUS
"ASUS ROG Strix Scar - 18"" GeForce RTX 5090 Laptop GPU - Intel Core Ultra 9 275HX - 32GB Memory - 2 TB PCIe SSD - Wi-Fi 7 Windows 11 Pro GAMING LAPTOP - 240 Hz (G835LX-XS97 )","$4,399.00",Rating + 5,3,https://www.newegg.com/asus-rog-strix-18-geforce-rtx-5090-laptop-gpu-intel-core-ultra-9-275hx-wqxga-32gb-memory-2-tb-pcie-ssd/p/N82E16834236578,https://c1.neweggimages.com/productimage/nb300/34-236-578-01.jpg,ASUS
"ASUS ROG Strix Scar- 16"" GeForce RTX 5080 Laptop GPU - Intel Core Ultra 9 275HX - 32GB Memory - 2 TB PCIe SSD - Wi-Fi 7 Windows 11 Pro GAMING LAPTOP - 240 Hz (G635LW-XS97 )","$3,199.99",,,https://www.newegg.com/asus-rog-strix-16-geforce-rtx-5080-laptop-gpu-intel-core-ultra-9-275hx-wqxga-32gb-memory-2-tb-pcie-ssd/p/N82E16834236574,https://c1.neweggimages.com/productimage/nb300/34-236-574-13.jpg,ASUS
"ASUS TUF Gaming - 18"" GeForce RTX 5070 Laptop GPU - AMD Ryzen 7 260 - 16GB (8GBx2) Memory - 1 TB PCIe SSD - Windows 11 Home Gaming Laptop - 240 Hz IPS (FA808UP-NS74 )","$1,579.99",,,https://www.newegg.com/asus-tuf-gaming-18-geforce-rtx-5070-laptop-gpu-amd-ryzen-7-260-wqxga-16gb-memory-1-tb-pcie-ssd/p/N82E16834236631,https://c1.neweggimages.com/productimage/nb300/34-236-631-15.jpg,ASUS
"ASUS TUF Gaming A16 - 16"" GeForce RTX 5060 Laptop GPU - AMD Ryzen 7 260 - 16GB Memory - 512 GB NVMe SSD - Windows 11 Home Gaming Laptop - 165 Hz IPS (FA608UM-NS73 )","$1,229.99",Rating + 5,2,https://www.newegg.com/asus-tuf-gaming-a16-16-geforce-rtx-5060-laptop-gpu-amd-ryzen-7-260-fhd-16gb-memory-512-gb-nvme-ssd/p/N82E16834236637,https://c1.neweggimages.com/productimage/nb300/34-236-637-08.jpg,ASUS
GIGABYTE - AORUS MASTER 16 Gaming Laptop - 240Hz 2560x1600 OLED - NVIDIA GeForce RTX 5080 - Intel Core Ultra 9 275HX - 1TB SSD with 32GB DDR5 RAM - Windows 11 Home AD (AORUS MASTER 16 BYHC5USE64SH),"$2,899.99",,,https://www.newegg.com/aorus-16-geforce-rtx-5080-laptop-gpu-intel-core-ultra-9-275hx-wqxga-32gb-memory-1-tb-ssd/p/N82E16834233611,https://c1.neweggimages.com/productimage/nb300/34-233-611-17.jpg,
"ASUS TUF Gaming A16 - 16"" GeForce RTX 5060 Laptop GPU - AMD Ryzen 7 260 - 32GB Memory - 1 TB PCIe SSD - Windows 11 Home Gaming Laptop - 165 Hz IPS (FA608UM-NS76 )","$1,429.99",Rating + 5,2,https://www.newegg.com/asus-tuf-gaming-a16-16-geforce-rtx-5060-laptop-gpu-amd-ryzen-7-260-wqxga-32gb-memory-1-tb-pcie-ssd/p/N82E16834236636,https://c1.neweggimages.com/productimage/nb300/34-236-636-08.jpg,ASUS
"GIGABYTE - 16"" GeForce RTX 5070 Laptop GPU - Intel Core i7-13620H - 16GB Memory - 1 TB SSD - Windows 11 Home Gaming Laptops - 165 Hz IPS (GAMING A16 CWHI3US894SH )","$1,249.99",,,https://www.newegg.com/gigabyte-16-0-geforce-rtx-5070-laptop-gpu-intel-core-i7-13620h-wuxga-16gb-memory-1-tb-ssd/p/N82E16834233617,https://c1.neweggimages.com/productimage/nb300/34-233-617-08.jpg,GIGABYTE
"ASUS TUF Gaming F16 (2025) Gaming Laptop, 16” FHD+ 165Hz 16:10 Display, Intel® Core™ i7 Processor 14650HX, NVIDIA® GeForce RTX™ 5050, 16GB DDR5, 512GB PCIe Gen4 SSD, Wi-Fi 6E, Windows (FX608JHR-ES73 )","$1,129.99",Rating + 5,1,https://www.newegg.com/asus-tuf-gaming-f16-16-0-geforce-rtx-5050-laptop-gpu-2-2-ghz-up-to-5-2ghz-fhd-512gb-pcie-gen4-ssd-ssd/p/N82E16834236647,https://c1.neweggimages.com/productimage/nb300/34-236-647-06.jpg,ASUS
GIGABYTE AERO X16; Copilot+ PC - 165Hz 2560x1600 WQXGA - NVIDIA GeForce RTX 5070 - AMD Ryzen AI 7 350 - 1TB SSD with 16GB DDR5 RAM - Windows 11 Home - Lunar White (GIGABYTE AERO X16 1WH93USC94DH),"$1,349.99",,,https://www.newegg.com/gigabyte-aero-x16-16-geforce-rtx-5070-laptop-gpu-amd-ryzen-ai-7-350-wqxga-16gb-memory-1tb-pcie-gen4-nvme-m-2-ssd-ssd/p/N82E16834233614,https://c1.neweggimages.com/productimage/nb300/34-233-614-31.jpg,GIGABYTE
"GIGABYTE - 14"" GeForce RTX 4050 Laptop GPU - Intel Core i5-12500H - 16GB Memory - 1 TB Gen4 SSD - Windows 11 Home 64-bit Gaming Laptop - 90 Hz OLED (AERO 14 OLED 9MF-E2USBB4SH )",$999.99,Rating + 5,2,https://www.newegg.com/gigabyte-14-geforce-rtx-4050-laptop-gpu-intel-core-i5-12500h-qhd-16gb-memory-1-tb-gen4-ssd/p/N82E16834233558,https://c1.neweggimages.com/productimage/nb300/34-233-557-20.jpg,GIGABYTE
GIGABYTE AERO X16; Copilot+ PC - 165Hz 2560x1600 WQXGA - NVIDIA GeForce RTX 5060 - AMD Ryzen AI 7 350 - 1TB SSD with 16GB DDR5 RAM - Windows 11 Home - Space Gray (GIGABYTE AERO X16 1VH93USC94AH),"$1,199.99",,,https://www.newegg.com/gigabyte-aero-x16-16-geforce-rtx-5060-laptop-gpu-amd-ryzen-ai-7-350-wqxga-16gb-memory-1tb-pcie-gen4-nvme-m-2-ssd-ssd/p/N82E16834233615,https://c1.neweggimages.com/productimage/nb300/34-233-615-31.jpg,GIGABYTE
"ASUS ROG Strix G18 - 18"" GeForce RTX 5070 Laptop GPU - Intel Core Ultra 9 275HX - 32GB Memory - 2TB PCIe 4.0 NVMe M.2 SSD - Windows 11 Pro Gaming Laptop - 240 Hz (G815LP-XS97 )","$2,415.99",,,https://www.newegg.com/asus-rog-strix-g18-18-geforce-rtx-5070-laptop-gpu-intel-core-ultra-9-275hx-wqxga-32gb-memory-2tb-pcie-4-0-nvme-m-2-ssd/p/N82E16834236596,https://c1.neweggimages.com/productimage/nb300/34-236-596-37.jpg,ASUS
"MSI Cyborg15 - 15.6"" GeForce RTX 5060 Laptop GPU - Intel Core 7-240H(1.80-5.20 GHz) - 16GB Memory - 512 GB NVMe SSD - Windows 11 Home Gaming Laptops - 144 Hz IPS (Cyborg 15 B2RWFKG-259US )","$1,179.99",,,https://www.newegg.com/msi-cyborg15-15-6-geforce-rtx-5060-laptop-gpu-1-80-5-20-ghz-fhd-8gb-2-memory-512-gb-nvme-ssd/p/N82E16834156829,https://c1.neweggimages.com/productimage/nb300/34-156-829-02.jpg,MSI
"MSI Pulse - 16"" GeForce RTX 4070 Laptop GPU - Intel Core Ultra 9 185H - 32GB Memory - 1 TB PCIe SSD - Windows 11 Home 64-bit Gaming Laptop - 240 Hz (Pulse 16 AI C1VGKG-077 )","$1,899.99",Rating + 4.3,81,https://www.newegg.com/msi-16-geforce-rtx-4070-laptop-gpu-intel-core-ultra-9-185h-qhd-32gb-memory-1-tb-pcie-ssd/p/N82E16834156647,https://c1.neweggimages.com/productimage/nb300/34-156-647-03.jpg,MSI
"ASUS TUF Gaming A14B26 - 14"" GeForce RTX 5060 Laptop GPU - AMD Ryzen AI 7 350 - 16GB Memory - 1 TB NVMe SSD - Windows 11 Home Gaming Laptop - 165 Hz (FA401KM-DS74 )","$1,699.99",,,https://www.newegg.com/asus-tuf-gaming-a14b26-14-geforce-rtx-5060-laptop-gpu-amd-ryzen-ai-7-350-16gb-memory-1-tb-nvme-ssd/p/N82E16834236641,https://c1.neweggimages.com/productimage/nb300/34-236-641-02.jpg,ASUS
GIGABYTE - GAMING A16 Gaming Laptop - 165Hz 1920x1200 WUXGA - NVIDIA GeForce RTX 5060 - AMD Ryzen 7 260 - 1TB SSD with 16GB DDR5 RAM - Windows 11 Home AD (GIGABYTE GAMING A16 3VHK3US894SH),"$1,099.99",,,https://www.newegg.com/gigabyte-16-0-geforce-rtx-5060-laptop-gpu-amd-ryzen-7-260-wuxga-16gb-memory-1-tb-nvme-ssd/p/N82E16834233624,https://c1.neweggimages.com/productimage/nb300/34-233-624-01.jpg,GIGABYTE
GIGABYTE AERO X16; Copilot+ PC - 165Hz 2560x1600 WQXGA - NVIDIA GeForce RTX 5050 - AMD Ryzen AI 7 350 - 1TB SSD with 16GB DDR5 RAM - Windows 11 Home - Space Gray (GIGABYTE AERO X16 1TH93USC94AH),"$1,099.99",,,https://www.newegg.com/gigabyte-16-0-geforce-rtx-5050-laptop-gpu-amd-ryzen-ai-7-350-wqxga-16gb-memory-1-tb-nvme-ssd/p/N82E16834233622,https://c1.neweggimages.com/productimage/nb300/34-233-622-14.jpg,GIGABYTE
"ASUS ROG Strix G18 - 18.0"" GeForce RTX 5070 Laptop GPU - AMD Ryzen 9 8940HX - 16GB Memory - 1 TB PCIe SSD - Windows 11 Home Gaming Laptop - 240 Hz (G814PP-DS94)","$1,979.99",Rating + 5,1,https://www.newegg.com/asus-rog-strix-g18-18-0-geforce-rtx-5070-laptop-gpu-amd-ryzen-9-8940hx-wqxga-16gb-memory-1-tb-pcie-ssd/p/N82E16834236626,https://c1.neweggimages.com/productimage/nb300/34-236-626-29.jpg,ASUS
GIGABYTE - AORUS ELITE 16 Gaming Laptop - 165Hz 2560x1600 WQXGA - NVIDIA GeForce RTX 5070 - Intel Core Ultra 9 275HX - 2TB SSD with 32GB DDR5 RAM - Windows 11 Home AD (AORUS ELITE 16 BWHC3USC65SH),"$2,199.99",,,https://www.newegg.com/aorus-elite-16-16-geforce-rtx-5070-laptop-gpu-intel-core-ultra-9-275hx-wqxga-32gb-memory-2-tb-ssd/p/N82E16834725243,https://c1.neweggimages.com/productimage/nb300/34-725-243-13.png,
"HP EliteBook 840 G8 Laptop Intel Core i5-1145G7 2.60GHz 16GB Memory 256 GB SSD 14"" FHD Webcam Windows 10 Pro",$519.99,,,https://www.newegg.com/hp-elitebook-14-0-non-touch-screen-intel-core-i5-1145g7-16gb-memory-256-gb-ssd/p/N82E16834841770,https://c1.neweggimages.com/productimage/nb300/34-841-770-06.jpg,HP
"ASUS ROG Strix G16 - 16"" GeForce RTX 5060 Laptop GPU - Intel Core Ultra 9 275HX - 16GB Memory - 1 TB NVMe SSD - Wi-Fi 7 Windows 11 Home Gaming Laptop - 240 Hz (G615LM-DS94 )","$1,899.99",,,https://www.newegg.com/asus-rog-strix-g16-16-geforce-rtx-5060-laptop-gpu-intel-core-ultra-9-275hx-wqxga-16gb-memory-1-tb-nvme-ssd/p/N82E16834236595,https://c1.neweggimages.com/productimage/nb300/34-236-592-30.jpg,ASUS
"Microsoft Surface Laptop Studio 2 - 14.4"" PixelSense Flow Display - 13th Gen Intel Core i7- 13800H Processor - 16GB Memory - 512GB SSD - NVIDIA GeForce RTX 4050 - Windows 11 Pro - Platinum YZZ-00001","$2,841.00",,,https://www.newegg.com/microsoft-surface-laptop-studio-2-14-4-3-pixelsense-flow-display-pixelsense-flow-display-touch-screen-intel-core-i7-13800h-geforce-rtx-4050-laptop-gpu-16gb-memory-512-gb-ssd-platinum/p/N82E16834736940,https://c1.neweggimages.com/productimage/nb300/34-736-940-01.png,Microsoft
"HP 13.5"" Dragonfly G4 Touch Screen Notebook - 878G1UT#ABA - Intel i7-1355U - 32 GB RAM - 512 GB SSD - Intel Iris Xe - WUXGA+ - Slate Blue","$2,245.99",,,https://www.newegg.com/hp-dragonfly-13-5-wuxga-touch-screen-intel-core-i7-1355u-intel-iris-xe-graphics-32gb-memory-512-gb-pcie-ssd-slate-blue/p/N82E16834841441,https://c1.neweggimages.com/productimage/nb300/34-841-440-02.jpg,HP
"Acer - 16.0"" GeForce RTX 5070 Laptop GPU - Intel Core Ultra 7 255HX - 16GB (2 x 8GB) Memory - 1 TB PCIe SSD - Windows 11 Home Gaming Laptop - 240 Hz IPS (PHN16-73-7166 )","$1,799.99",,,https://www.newegg.com/acer-america-16-0-geforce-rtx-5070-laptop-gpu-intel-core-ultra-7-255hx-wqxga-2-x-8gb-memory-1-tb-pcie-ssd/p/N82E16834360406,https://c1.neweggimages.com/productimage/nb300/34-360-406-11.jpg,Acer America
"HP 13.5"" Dragonfly G4 Touch Screen Notebook - 878H7UT#ABA - Intel i5-1335U - 16 GB RAM - 512 GB SSD - Intel Iris Xe - WUXGA+ - Slate Blue","$1,849.99",,,https://www.newegg.com/hp-dragonfly-13-5-wuxga-touch-screen-intel-core-i5-1335u-intel-iris-xe-graphics-16gb-memory-512-gb-pcie-ssd-slate-blue/p/N82E16834841447,https://c1.neweggimages.com/productimage/nb300/34-841-440-02.jpg,HP
"Lenovo ThinkPad 14.0"" Touch Screen Intel Core i7-1355U 16GB Memory 512GB Storage Windows 11 Pro 21JK0053US",$925.38,,,https://www.newegg.com/lenovo-thinkpad-14-0-wuxga-touch-screen-intel-core-i7-1355u-intel-iris-xe-graphics-16gb-memory-512-gb-ssd-graphite-black/p/N82E16834840331,https://c1.neweggimages.com/productimage/nb300/34-840-330-07.jpg,Lenovo
"Lenovo ThinkPad E16 Gen 1 16.0"" Touch Screen Intel Core i5-1335U 16GB Memory 512 GB SSD Windows 11 Pro 21JN0040US",$831.31,,,https://www.newegg.com/lenovo-thinkpad-16-0-wuxga-touch-screen-intel-core-i5-1335u-intel-iris-xe-graphics-16gb-memory-512-gb-ssd-graphite-black/p/N82E16834840335,https://c1.neweggimages.com/productimage/nb300/34-840-335-01.jpg,Lenovo
"Microsoft 13"" Surface Laptop Copilot+ PC, Snapdragon X Plus 8-Core, 16GB RAM, 256GB UFS, Platinum, Latest Model",$799.99,,,https://www.newegg.com/microsoft-surface-laptop-13-0-touch-screen-qualcomm-snapdragon-x-plus-x1p-64-100-integrated-graphics-16gb-memory-256-gb-ssd-platinum/p/N82E16834820120,https://c1.neweggimages.com/productimage/nb300/34-820-120-02.jpg,Microsoft
"Dell Precision 7680 16"" Mobile Workstation - Intel Core i9 13950HX 2.2 GHz - 64 GB RAM - 1 TB SSD - vPro Enterprise - Win 11 Pro - RTX 4000 Ada PMTF1","$5,066.99",,,https://www.newegg.com/dell-precision-16-0-full-hd-plus-2-20ghz-nvidia-rtx-4000-ada-64gb-memory-1-tb-ssd/p/N82E16834833308,https://c1.neweggimages.com/productimage/nb300/34-833-308-01.jpg,DELL
"MSI Prestige 13Evo 13.3"" Laptop A13M-074US, Intel Evo i7-1360P, 16GB RAM, 1TB SSD, Win 11 Home, Iris Xe Graphics",$869.60,,,https://www.newegg.com/msi-prestige-13evo-13-3-fhd-non-touch-screen-intel-core-i7-1360p-intel-iris-xe-graphics-16gb-memory-1-tb-pcie-ssd-pure-white/p/N82E16834156465,https://c1.neweggimages.com/productimage/nb300/34-156-465-28.jpg,MSI
"Dell Latitude 7455 14"" Touchscreen Notebook - QHD+ - Qualcomm Snapdragon X Elite X1E-80-100 - 32 GB - 512 GB SSD - Front Webcam - 22 Hours Battery Run Time - Aluminum Titan Gray VYP9M","$1,569.99",,,https://www.newegg.com/dell-latitude-14-0-qhd-touch-screen-qualcomm-snapdragon-x-elite-x1e-80-100-adreno-graphics-32gb-memory-512-gb-ssd/p/N82E16834817043,https://c1.neweggimages.com/productimage/nb300/34-817-043-01.jpg,DELL
"Lenovo ThinkPad E16 Gen 1 16.0"" Intel Core i7-1355U 16GB Memory 512GB SSD Windows 11 Pro 21JN0073US",$919.00,,,https://www.newegg.com/lenovo-thinkpad-16-0-wuxga-non-touch-screen-intel-core-i7-1355u-intel-iris-xe-graphics-16gb-memory-512-gb-ssd-graphite-black/p/N82E16834840336,https://c1.neweggimages.com/productimage/nb300/34-840-335-01.jpg,Lenovo
"DELL Mobile Workstation 17"" Precision 7780 Intel Core i7 13th Gen 2.10GHz 32GB Memory 512 GB SSD NVIDIA Quadro RTX 4000 17.0"" Windows 11 Pro 7780 Notebook Laptop","$3,772.99",Rating + 4,1,https://www.newegg.com/dell-precision-17-0-wva-display-non-touch-screen-intel-core-i7-13850hx-nvidia-quadro-rtx-4000-32gb-memory-512-gb-ssd/p/N82E16834833212,https://c1.neweggimages.com/productimage/nb300/34-833-212-01.jpg,DELL
"Lenovo ThinkPad E14 Gen 5 14.0"" Intel Core i5-1335U 16GB Memory 256 GB SSD Windows 11 Pro 21JK0084US",$778.10,,,https://www.newegg.com/lenovo-thinkpad-14-0-wuxga-non-touch-screen-intel-core-i5-1335u-intel-iris-xe-graphics-16gb-memory-256-gb-ssd-graphite-black/p/N82E16834840330,https://c1.neweggimages.com/productimage/nb300/34-840-330-07.jpg,Lenovo
"Microsoft Surface Laptop 7 15"" Touchscreen Notebook - Qualcomm Snapdragon X Elite - 32 GB - 1 TB SSD - Windows 11 Home - Graphite -English Keyboard - 22 Hours Battery Run Time ZHR-00001","$1,999.99",,,https://www.newegg.com/microsoft-surface-laptop-7-15-0-touch-screen-qualcomm-snapdragon-x-elite-x1e-78-100-32gb-memory-1-tb-ssd-graphite/p/N82E16834820060,https://c1.neweggimages.com/productimage/nb300/34-820-060-03.jpg,Microsoft
"HP 13.5"" Dragonfly G4 Touch Screen Notebook - 878F8UT#ABA - Intel i5-1345U - 16 GB RAM - 512 GB SSD - Intel Iris Xe - WUXGA+ - Slate Blue","$2,007.99",,,https://www.newegg.com/hp-dragonfly-13-5-wuxga-touch-screen-intel-core-i5-1345u-intel-iris-xe-graphics-16gb-memory-512-gb-pcie-ssd-slate-blue/p/N82E16834841440,https://c1.neweggimages.com/productimage/nb300/34-841-440-02.jpg,HP
"Dell Precision 5000 5690 16"" Mobile Workstation - Intel Core - 32 GB - 1 TB SSD - Anodized Titan Gray - Windows 11 Pro - Intel Evo Platform - Front Camera/Webcam PRM5690728PF","$3,189.99",,,https://www.newegg.com/dell-precision-5000-16-0-non-touch-screen-intel-core-ultra-7-165h-32gb-memory-1-tb-ssd-anodized-titan-gray/p/N82E16834817008,https://c1.neweggimages.com/productimage/nb300/34-817-008-01.jpg,DELL
"Dell Pro Rugged 14 RB14250 14"" Rugged Notebook - Intel Core Ultra 5 14th Gen 135U - 16GB - 512GB SSD - Windows 11 Pro - Webcam - IEEE 802.11ax - Black P1K9G","$2,140.55",,,https://www.newegg.com/dell-pro-rugged-14-14-0-fhd-non-touch-screen-intel-core-ultra-5-135u-16gb-memory-512-gb-ssd-black/p/N82E16834817209,https://c1.neweggimages.com/productimage/nb300/34-817-209-01.jpg,DELL
GIGABYTE - AORUS MASTER 16 Gaming Laptop - 240Hz 2560x1600 OLED - NVIDIA GeForce RTX 5070 Ti - Intel Core Ultra 9 275HX - 1TB SSD with 32GB DDR5 RAM - Windows 11 Home AD (AORUS MASTER 16 BXHC4USE64SH),"$2,804.99",,,https://www.newegg.com/aorus-16-geforce-rtx-5070-ti-laptop-gpu-intel-core-ultra-9-275hx-wqxga-32gb-memory-1-tb-ssd/p/N82E16834233612,https://c1.neweggimages.com/productimage/nb300/34-233-612-17.jpg,
"Dell Pro 14 PC14255 14"" Copilot+ PC Notebook - Full HD Plus - AMD Ryzen 5 PRO 230 - 16GB - 512GB SSD - Windows 11 Pro - AMD Radeon 760M graphics -Webcam - 15.10 Hours Battery - IEEE 802.11ax 7HG73",$842.99,,,https://www.newegg.com/dell-pro-14-pc14255-14-0-fhd-non-touch-screen-amd-ryzen-5-pro-230-amd-radeon-760m-16gb-memory-512-gb-ssd-magnetite/p/N82E16834817333,https://c1.neweggimages.com/productimage/nb300/34-817-333-01.jpg,DELL
"DELL Mobile Workstation 17"" Precision 7780 Intel Core i7 13th Gen 2.10GHz 32GB Memory 1 TB SSD NVIDIA RTX 3500 17.0"" Windows 11 Pro Notebook Laptop","$4,328.99",,,https://www.newegg.com/dell-precision-17-0-wva-display-non-touch-screen-2-20ghz-nvidia-rtx-3500-32gb-memory-1-tb-ssd/p/N82E16834833213,https://c1.neweggimages.com/productimage/nb300/34-833-212-01.jpg,DELL
"Lenovo Laptop Slim 7 Intel Core Ultra 7 256V 16GB Memory 1 TB PCIe SSD Intel Arc Graphics 140V 14.0"" Non-Touch Screen 83MC0001US","$1,120.07",,,https://www.newegg.com/lenovo-slim-7-14-0-non-touch-screen-intel-core-ultra-7-256v-intel-arc-graphics-140v-16gb-memory-1-tb-pcie-ssd-luna-grey/p/N82E16834840644,https://c1.neweggimages.com/productimage/nb300/34-840-644-01.png,Lenovo
"Microsoft Surface 13.8"" Copilot+ Laptop 7th Edition - 13.8"" PixelSense Flow Display - Intel Core Ultra 5 (Series 2) - 16GB Memory - 256GB SSD - Intel Arc Graphics - Wi-Fi 7 - Windows 11 Pro - Platinum","$1,449.99",,,https://www.newegg.com/microsoft-surface-laptop-7th-edition-13-8-touch-screen-intel-core-ultra-5-236v-intel-arc-graphics-16gb-memory-256-gb-ssd-platinum/p/N82E16834820102,https://c1.neweggimages.com/productimage/nb300/34-820-102-04.png,Microsoft
"ASUS ROG Strix G18 - 18"" GeForce RTX 5060 Laptop GPU - AMD Ryzen 9 8940HX - 32GB Memory - 1 TB PCIe SSD - Windows 11 Home Gaming Laptop - 240 Hz IPS (G814PM-ES96 )","$1,749.99",,,https://www.newegg.com/asus-rog-strix-g18-18-geforce-rtx-5060-laptop-gpu-amd-ryzen-9-8940hx-wqxga-32gb-memory-1-tb-pcie-ssd/p/N82E16834236639,https://c1.neweggimages.com/productimage/nb300/34-236-639-12.jpg,ASUS
"Microsoft - Surface Laptop Studio 2 14.4"" Touch-Screen-Intel Core i7 with 32GB Memory-NVIDIA RTX 2000 Ada Gen-1TB SSD","$2,899.00",,,https://www.newegg.com/microsoft-surface-laptop-studio-2-14-4-pixelsense-flow-display-touch-screen-intel-core-i7-13700h-nvidia-rtx-2000-ada-generation-32gb-memory-1-tb-ssd-platinum/p/N82E16834736927,https://c1.neweggimages.com/productimage/nb300/34-736-927-02.jpg,Microsoft
"Lenovo ThinkPad T16 Gen 2 16.0"" Touch Screen AMD Ryzen 7 7840U AMD Radeon 780M 16GB Memory 512GB SSD Windows 11 Pro 21K70008US","$1,250.92",,,https://www.newegg.com/lenovo-thinkpad-16-0-wuxga-non-touch-screen-amd-ryzen-7-7840u-amd-radeon-780m-16gb-memory-512-gb-ssd-thunder-black/p/N82E16834840498,https://c1.neweggimages.com/productimage/nb300/34-840-498-05.jpg,Lenovo
GIGABYTE AERO X16; Copilot+ PC - 165Hz 2560x1600 WQXGA - NVIDIA GeForce RTX 5070 - AMD Ryzen AI 9 HX 370 - 1TB SSD with 32GB DDR5 RAM - Windows 11 Home - Space Gray (GIGABYTE AERO X16 2WHA3USC64AH),"$1,479.99",,,https://www.newegg.com/gigabyte-aero-x16-16-0-geforce-rtx-5070-laptop-gpu-amd-ryzen-ai-9-hx-370-wqxga-32gb-memory-1-tb-ssd/p/N82E16834233616,https://c1.neweggimages.com/productimage/nb300/34-233-616-20.jpg,GIGABYTE
"Microsoft 13"" Surface Laptop Copilot+ PC, Snapdragon X Plus 8-Core, 16GB RAM, 512GB UFS, Platinum, Latest Model",$899.99,,,https://www.newegg.com/microsoft-surface-laptop-13-0-touch-screen-qualcomm-snapdragon-x-plus-x1p-64-100-integrated-graphics-16gb-memory-512-gb-ssd-platinum/p/N82E16834820121,https://c1.neweggimages.com/productimage/nb300/34-820-121-02.jpg,Microsoft
"Microsoft 13"" Surface Laptop Copilot+ PC, Snapdragon X Plus 8-Core, 16GB RAM, 512GB UFS, Violet, Latest Model",$899.99,,,https://www.newegg.com/microsoft-surface-laptop-13-0-touch-screen-qualcomm-snapdragon-x-plus-x1p-64-100-integrated-graphics-16gb-memory-512-gb-ssd-violet/p/N82E16834820123,https://c1.neweggimages.com/productimage/nb300/34-820-123-02.jpg,Microsoft
"Microsoft Surface 13.8"" Copilot+ Laptop 7th Edition - 13.8"" PixelSense Flow Display - Intel Core Ultra 7 (Series 2) - 16GB Memory - 256GB SSD - Wi-Fi 7 - Windows 11 Pro - Platinum EP2-33243","$1,669.99",,,https://www.newegg.com/microsoft-surface-laptop-7th-edition-13-8-touch-screen-intel-core-ultra-7-266v-intel-arc-graphics-16gb-memory-256-gb-ssd-16gb-hdd-platinum/p/N82E16834820109,https://c1.neweggimages.com/productimage/nb300/34-820-109-01.jpg,Microsoft
"Microsoft Surface 13.8"" Copilot+ Laptop 7th Edition - 13.8"" PixelSense Flow Display - Intel Core Ultra 7 (Series 2) - 16GB Memory - 512GB SSD - Wi-Fi 7 - Windows 11 Pro - Black EP2-33229","$1,799.99",,,https://www.newegg.com/microsoft-surface-laptop-7th-edition-13-8-touch-screen-intel-core-ultra-7-266v-intel-arc-graphics-16gb-memory-512-gb-ssd-black/p/N82E16834820107,https://c1.neweggimages.com/productimage/nb300/34-820-107-09.jpg,Microsoft
"Microsoft Surface 15"" Copilot+ Laptop 7th Edition - 15"" PixelSense Flow Display - Intel Core Ultra 7 (Series 2) - 16GB Memory - 256GB SSD - Wi-Fi 7 - Windows 11 Pro - Platinum EP2-33252","$1,799.99",,,https://www.newegg.com/microsoft-surface-laptop-7th-edition-15-0-touch-screen-intel-core-ultra-7-266v-intel-arc-graphics-16gb-memory-256-gb-ssd-platinum/p/N82E16834820111,https://c1.neweggimages.com/productimage/nb300/34-820-111-01.jpg,Microsoft
"Microsoft 13"" Surface Laptop Copilot+ PC, Snapdragon X Plus 8-Core, 16GB RAM, 512GB UFS, Ocean, Latest Model",$899.99,,,https://www.newegg.com/microsoft-surface-laptop-13-0-touch-screen-qualcomm-snapdragon-x-plus-x1p-64-100-integrated-graphics-16gb-memory-512-gb-ssd-ocean/p/N82E16834820122,https://c1.neweggimages.com/productimage/nb300/34-820-122-02.jpg,Microsoft
"Lenovo ThinkPad P16v Gen 1 16.0"" AMD Ryzen 7 7840HS NVIDIA RTX A1000 16GB Memory 512GB SSD Windows 11 Pro 21FE0027US","$1,692.99",,,https://www.newegg.com/lenovo-thinkpad-16-0-wuxga-nvidia-rtx-a1000-amd-radeon-780m-16gb-memory-512-gb-ssd-thunder-black/p/N82E16834840486,https://c1.neweggimages.com/productimage/nb300/AHRCD230807136DEP48.jpg,Lenovo
"Dell Precision 5000 5690 16"" Touchscreen Mobile Workstation - Intel Core Ultra 7 165H - 32 GB - 512 GB SSD - Anodized Titan Gray - Windows 11 Pro - English (US) Keyboard PRM5690JRPXV","$2,999.99",,,https://www.newegg.com/dell-precision-5000-16-0-non-touch-screen-32gb-memory-512-gb-ssd-anodized-titan-gray/p/N82E16834817010,https://c1.neweggimages.com/productimage/nb300/34-817-010-01.jpg,DELL
"Microsoft Surface 13.8"" Copilot+ Laptop 7th Edition - 13.8"" PixelSense Flow Display - Intel Core Ultra 7 (Series 2) - 32GB Memory - 1 TB SSD - Wi-Fi 7 - Windows 11 Pro - Black EP2-33223","$2,249.99",,,https://www.newegg.com/microsoft-surface-laptop-7th-edition-13-8-touch-screen-intel-core-ultra-7-268v-intel-arc-graphics-32gb-memory-1-tb-ssd-black/p/N82E16834820083,https://c1.neweggimages.com/productimage/nb300/34-820-083-02.jpg,Microsoft
"Dell Precision 5000 5690 16"" Mobile Workstation - Intel Core Ultra 7 165H - 32 GB - 512 GB SSD - Anodized Titan Gray - Windows 11 Pro - Front Camera/Webcam PRM5690W7XCG","$3,029.99",,,https://www.newegg.com/dell-precision-5000-16-0-non-touch-screen-intel-core-ultra-7-165h-32gb-memory-512-gb-ssd-anodized-titan-gray/p/N82E16834817009,https://c1.neweggimages.com/productimage/nb300/34-817-009-01.jpg,DELL
"HP ProBook 465 G11 16"" Notebook - WUXGA - AMD Ryzen 5 7535U - 8 GB - 256 GB SSD - Pike Silver Aluminum - Windows 11 Pro - English Keyboard A1RM6UT#ABA",$677.66,,,https://www.newegg.com/hp-465-g11-16-0-non-touch-screen-amd-ryzen-5-7535u-8gb-memory-256-gb-ssd-pike-silver-aluminum/p/N82E16834818066,https://c1.neweggimages.com/productimage/nb300/34-818-066-02.jpg,HP
"Dell Precision 5000 5490 14"" Mobile Workstation - Intel Core Ultra 9 185H - 32 GB - 1 TB SSD - Aluminum Titan Gray - Windows 11 Pro - Front Camera/Webcam 5PMVX","$2,934.99",,,https://www.newegg.com/dell-5000-14-0-non-touch-screen-intel-core-ultra-9-185h-32gb-memory-1-tb-ssd-aluminum-titan-gray/p/N82E16834817023,https://c1.neweggimages.com/productimage/nb300/34-817-023-01.jpg,DELL
